url,titulo,descripcion,ubicacion,vendedor,precio,particular,stats_visto,stats_contactado,stats_compartido,stats_favorito,stats_renovados
https://www.milanuncios.com/otros-moviles/galaxy-s20-plus-6-7-pulgadas-359585219.htm,!!GALAXY S20 PLUS 6. 7 PULGADAS!!,"PRECIO REAL, Mas información, vídeos y fotos por el whatts app. telefonos moviles de alta gama. últimos modelos. el mejor precio del mercado, tenemos iphone 11 pro max, iphone 11 pro, iphone 11, galaxy note 10 plus, samsung galaxy s20 plus, samsung galaxy s20 ultra samsung galaxy s10 plus cámara frontal 13mp y trasera de 16mp. 8gb de ram y 512gb de rom memoria interna, procesadores de 8 núcleos, 3, 2 mhz. libres cualquier operador. nuevos a estrenar en caja precintada, todos los colores disponibles. envío en 24 horas contrareembolso, con la posibilidad de abrir el paquete y comprobar. * las replicas son perfectas con procesador de alta gama* * de gran rendimiento y fiabilidad* . * son identicos al 100%, difícil de distinguir con el original por un coste 4 o 5 veces inferior y reparaciones menos costosas. nuevos y liberados.",- Otras marcas en Barcelona (BARCELONA),Rosa,100 €,Profesional,5724,1,0,1,13
https://www.milanuncios.com/otros-moviles/replicas-alta-gama-samsung-y-iphone-359609114.htm,REPLICAS ALTA GAMA SAMSUNG Y IPHONE-,"Moviles Replicas de alta Calidad* Réplicas de calidad y alta gama nuevos y precintados, tenemos el mejor precio del mercado, enviamos a toda españa con pago contrareembolso, con la opcion de abrir el paquete delante del mensajero y probar el telefono antes de pagar (somos lo unicos que dejamos probar el producto antes de pagarlo), * * * * * telefonos moviles libres para todas las compañias y cualquier pais, tenemos 2 años de garantía y disponemos de servicio técnico propio, reparacion gratuita (se hace la recogida gratis sin tenerque pagar los gastos de envio) o hacemos la sustitución del terminal por uno nuevo sin tener que abonar nada, todos los teléfonos son nuevos y estan precintados, camaras foto y video de 16 y 12 mpx, sistema operativo android 10 con interfaz de sistema ios 13, modelos 2020: iphone 11 pro / iphone 11 pro max / samsung galaxy s20+ plus 5G/ samsung galaxy note 10+ plus. Los telefonos son nuevos a estrenar y libre para cualquier operador de telefonia movil, se entregan en su caja precintado con todos los accesorios: auriculares, cargador, cable usb y tambien por cada producto entregamos de regalo funda silicona transparente y protector de pantalla de cristal templado, totalmente revisado y certificado, envio urgente en 24 horas en toda la peninsula, 2 años de garantia, tenemos servicio tecnico en España, moviles tipo iphone y samsung envio seguro en 24 horas con opcion de abrir el paquete antes de pagarlo y probar el movil antes de pagarlo, no hay mejor oferta, tenemos todos los modelos y los colores !!! tenemos telefonos moviles tipo: iphone 11 pro max = 6. 5 pulgadas 256 gb, iphone 11 pro = 5. 8 pulgadas 256 gb, samsung galaxy s20+ plus 5G = 6. 7 pulgadas 512 gb + microSD 1TB, samsung galaxy note 10+ plus = 6. 8 pulgadas 256 gb. - Informate ya sin compromiso. Llámenos o contáctenos por whatsapp y le informaremos!!, , . -. *",- Otras marcas en Valencia (VALENCIA),carlos,80 €,Profesional,26474,4,0,1,52
https://www.milanuncios.com/otros-moviles/iphone-11-pro-max-359585026.htm,IPHONE 11 PRO MAX,"Las mejores replicas. telefonos moviles de alta gama. últimos modelos. mejor precio del mercado, tenemos iphone 11 pro max, iphone 11 pro, iphone 11, galaxy note 10 plus, samsung galaxy s20 plus, samsung galaxy s20 ultra, samsung galaxy s10 plus cámara frontal 13mp y trasera de 16mp. 8gb de ram y 512gb de rom memoria interna, procesadores de 8 núcleos, 3, 2 mhz. libres cualquier operador. nuevos a estrenar en caja precintada, todos los colores disponibles. envío en 24 horas contrareembolso, con la posibilidad de abrir el paquete y comprobar. Mas información, vídeos y fotos por el whatts app. pantalla pantalla retina hd con 3d touch pantalla panorámica de 6. 5 pulgadas (en diagonal) retroiluminada por led resolución de 1. 334 por 750 a 326 p/p contraste de 1. 400: 1 (típico) brillo máximo de 500 cd/m2 (típico) compatible con la presentación simultánea de múltiples idiomas y grupos de caracteres zoom de pantalla fácil alcance compatibilidad total con srgb píxeles de doble dominio para un gran ángulo de visión",- Otras marcas en Madrid (MADRID),Rosa,100 €,Profesional,5718,0,0,2,14
https://www.milanuncios.com/otros-moviles/super-novedad-galaxy-note-20-ultra-359585889.htm,SUPER NOVEDAD GALAXY NOTE 20 ULTRA,"tenemos la ultima novedad, el Samsung Galaxy Note 20 Ultra, iphone 11 pro max, iphone 11 pro, iphone 11, samsung galaxy s20 plus, samsung galaxy s20 ultra, réplicas oferta, galaxy note 20 ultra a su total disposición, ser el primerlo en tenerlo, NOTE 20 ultra con sistema android 10, procesador muy rápido con 8 núcleos de 3. 2 ghz octa core, pantalla gigante full hd de 6. 9 pulgadas, memoria ram de 8gb y memoria rom de 512Gb, en solo 1 día estará en su casa, 3 cámaras foto y vídeo de 16. 0mpx y 13. 0mpx, traseras y delantera, clon con calidades mejoradas, pueden recibirlo en menos de 24 horas por contra-reembolso, especificaciones: pantalla pantalla hd con 3d touch pantalla panorámica de 6. 9 pulgadas (en diagonal) retroiluminada por led resolución de 1. 334 por 750 a 326 p/p contraste de 1. 400: 1 (típico) brillo máximo de 500 cd/m2 (típico) compatible con la presentación simultánea de múltiples idiomas y grupos de caracteres zoom de pantalla fácil alcance compatibilidad total con srgb píxeles de doble dominio para un gran ángulo de visión. EL S-PEN no puede faltar, tiene el lapiz incorporado para trabajos de diseño.",- Otras marcas en Valencia (VALENCIA),Rosa,110 €,Profesional,5102,0,0,1,8
https://www.milanuncios.com/otros-moviles/s20-iphone-11-pro-max-11-pro-note-10-359608936.htm,S20+/IPHONE 11 PRO MAX-11 PRO-NOTE 10+´,"Envios en 24h a toda España!! Réplicas de calidad y alta gama nuevos y precintados, tenemos el mejor precio del mercado, enviamos a toda españa con pago contrareembolso, con la opcion de abrir el paquete delante del mensajero y probar el telefono antes de pagar (somos lo unicos que dejamos probar el producto antes de pagarlo), * * * * * telefonos moviles libres para todas las compañias y cualquier pais, tenemos 2 años de garantía y disponemos de servicio técnico propio, reparacion gratuita (se hace la recogida gratis sin tenerque pagar los gastos de envio) o hacemos la sustitución del terminal por uno nuevo sin tener que abonar nada, todos los teléfonos son nuevos y estan precintados, camaras foto y video de 16 y 12 mpx, sistema operativo android 10 con interfaz de sistema ios 13, modelos 2020: iphone 11 pro / iphone 11 pro max / samsung galaxy s20+ plus 5G/ samsung galaxy note 10+ plus. Los telefonos son nuevos a estrenar y libre para cualquier operador de telefonia movil, se entregan en su caja precintado con todos los accesorios: auriculares, cargador, cable usb y tambien por cada producto entregamos de regalo funda silicona transparente y protector de pantalla de cristal templado, totalmente revisado y certificado, envio urgente en 24 horas en toda la peninsula, 2 años de garantia, tenemos servicio tecnico en España, moviles tipo iphone y samsung envio seguro en 24 horas con opcion de abrir el paquete antes de pagarlo y probar el movil antes de pagarlo, no hay mejor oferta, tenemos todos los modelos y los colores !!! tenemos telefonos moviles tipo: iphone 11 pro max = 6. 5 pulgadas 256 gb, iphone 11 pro = 5. 8 pulgadas 256 gb, samsung galaxy s20+ plus 5G = 6. 7 pulgadas 512 gb + microSD 1TB, samsung galaxy note 10+ plus = 6. 8 pulgadas 256 gb. - Informate ya sin compromiso. Garantia de 2 años con reparacióngratuita o sustitución del terminal por uno nuevo. , , . . * -",- Otras marcas en Sevilla (SEVILLA),carlos,80 €,Profesional,26415,1,1,2,52
https://www.milanuncios.com/otros-moviles/note-10-s20-11-pro-max-11-pro-359610359.htm,NOTE 10+/S20+/11 PRO MAX* 11 PRO´,"Envíos gratis contrareembolso express en 24 horas modo seguro , con posibilidad de abrir el paquete antes de pagarlo, Réplicas de calidad y alta gama nuevos y precintados, tenemos el mejor precio del mercado, enviamos a toda españa con pago contrareembolso, con la opcion de abrir el paquete delante del mensajero y probar el telefono antes de pagar (somos lo unicos que dejamos probar el producto antes de pagarlo), * * * * * telefonos moviles libres para todas las compañias y cualquier pais, tenemos 2 años de garantía y disponemos de servicio técnico propio, reparacion gratuita (se hace la recogida gratis sin tenerque pagar los gastos de envio) o hacemos la sustitución del terminal por uno nuevo sin tener que abonar nada, todos los teléfonos son nuevos y estan precintados, camaras foto y video de 16 y 12 mpx, sistema operativo android 10 con interfaz de sistema ios 13, modelos 2020: iphone 11 pro / iphone 11 pro max / samsung galaxy s20+ plus 5G/ samsung galaxy note 10+ plus. Los telefonos son nuevos a estrenar y libre para cualquier operador de telefonia movil, se entregan en su caja precintado con todos los accesorios: auriculares, cargador, cable usb y tambien por cada producto entregamos de regalo funda silicona transparente y protector de pantalla de cristal templado, totalmente revisado y certificado, envio urgente en 24 horas en toda la peninsula, 2 años de garantia, tenemos servicio tecnico en España, moviles tipo iphone y samsung envio seguro en 24 horas con opcion de abrir el paquete antes de pagarlo y probar el movil antes de pagarlo, no hay mejor oferta, tenemos todos los modelos y los colores !!! tenemos telefonos moviles tipo: iphone 11 pro max = 6. 5 pulgadas 256 gb, iphone 11 pro = 5. 8 pulgadas 256 gb, samsung galaxy s20+ plus 5G = 6. 7 pulgadas 512 gb + microSD 1TB, samsung galaxy note 10+ plus = 6. 8 pulgadas 256 gb. - Informate ya sin compromiso. Replicas premium exactas ultimos modelos 2020 de calidad y al mejor precio aqui las tienen. !!, , . -. *",- Otras marcas en Granada (GRANADA),carlos,80 €,Profesional,14962,1,0,1,26
https://www.milanuncios.com/iphone/airpods-pro-apple-nuevos-359904485.htm,AIRPODS PRO APPLE NUEVOS,Vendo airpods pro nuevo solo abiertos para hacerle las fotos ya que no lo voy a utilizar ha sido un regalo y prefiero el dinero. ORIGINAL ORIGINAL,- iPhone en Sevilla (SEVILLA),Samu,150 €,Particular,5594,1,0,1,8
https://www.milanuncios.com/iphone/iphone-8-256gb-precios-de-locos-1-a-341420563.htm,"IPHONE 8 - 256GB - PRECIOS DE LOCOS, 1 A","* * * * * * * * * * * * www. muynuevo. com* * * * * * * * * * * lo que esperabas, tu telefonía nueva y seminueva al mejor precio, ahora ya puedes olvidarte de pagar en exceso por tu smartphone. te invitamos de manera gratuita a que conozcas nuestra web: www. muynuevo. com o llamarnos a nuestro telefono de atencion al cliente (672. 617. 004) en horario de 09: 30 a 20: 00h. vendemos todos los modelos de smartphone del mercado 100% original y libre al mejor precio. revisados y verificados por nuestro servicio técnico. 12 meses de garantia total con nosotros y otros 12 meses con el fabricante si la tiene. envíos gratis en 24 horas o recogidas en nuestro almacén muynuevo en avenida ortega y gasset 531 de málaga. para tu bienvenida te damos 5€ de descuento con este codigo. codigo: descuento-portales ¡¡no te vayas con las manos vacias¡¡ ¡¡¡financia hasta en 24 meses¡¡¡ ¡¡¡si tienes tu teléfono móvil antiguo y no sabes qué hacer con él, nosotros podemos comprártelo¡¡¡  tambien en nuestra web puedes encotrar: iphone 6 de 16 64 y 128 , 6s de 16 32 y 64 , 6s plus de 16 32gb 64gb y 128gb , 6 plus de 16 64 y 128 , 5s , iphone 7 32gb, 128gb y 256gb iphone 7 plus 32, 128gb, 256gb iphone 8 64gb y 256gb iphone 8 plus 64gb y 256gb iphone x de 64gb y 256gb iphone 11 iphone 11 pro max iphone xs 64gb y 256gb iphone xs max 64gb y 256gb iphone xr xs max xs lg g4 lg g5 lg g6 v30 huawei p8 lite 2017 p9 lite nova plus huawei p10 huawei p9 huawei p10 lite p20 lite p20 pro mate 10 lite samsumg s9 s9 plus s7 s7 edge s8 s8 plus s9 s9 plus s10 s10 plus s10e a10 a50 a40 a80 j3 2019 j5 a3 2019 a5 2019 a8 2018 j7 2019 note 8 note 9 airpods sony zi z2 z5 xz premium xperia galaxy xiaomi redmi note 5a 4 mi 6 mi max 2 mi a1 nokia lumia huawei t3 android, ios, blackberry, windows phone, macbook macbook .",- iPhone (MADRID),Replicandroid,299 €,Profesional,31273,2,1,3,25
https://www.milanuncios.com/iphone/iphone-xr-64gb-100-original-envios-341417833.htm,"IPHONE XR - 64GB - 100%ORIGINAL, ENVIOS","* * * * * * * * * * * * www. muynuevo. com* * * * * * * * * * * lo que esperabas, tu telefonía nueva y seminueva al mejor precio, ahora ya puedes olvidarte de pagar en exceso por tu smartphone. te invitamos de manera gratuita a que conozcas nuestra web: www. muynuevo. com o llamarnos a nuestro telefono de atencion al cliente (672. 617. 004) en horario de 09: 30 a 20: 00h. vendemos todos los modelos de smartphone del mercado 100% original y libre al mejor precio. revisados y verificados por nuestro servicio técnico. 12 meses de garantia total con nosotros y otros 12 meses con el fabricante si la tiene. envíos gratis en 24 horas o recogidas en nuestro almacén muynuevo en avenida ortega y gasset 531 de málaga. para tu bienvenida te damos 5€ de descuento con este codigo. codigo: descuento-portales ¡¡no te vayas con las manos vacias¡¡ ¡¡¡financia hasta en 24 meses¡¡¡ ¡¡¡si tienes tu teléfono móvil antiguo y no sabes qué hacer con él, nosotros podemos comprártelo¡¡¡  tambien en nuestra web puedes encotrar: iphone 6 de 16 64 y 128 , 6s de 16 32 y 64 , 6s plus de 16 32gb 64gb y 128gb , 6 plus de 16 64 y 128 , 5s , iphone 7 32gb, 128gb y 256gb iphone 7 plus 32, 128gb, 256gb iphone 8 64gb y 256gb iphone 8 plus 64gb y 256gb iphone x de 64gb y 256gb iphone 11 iphone 11 pro max iphone xs 64gb y 256gb iphone xs max 64gb y 256gb iphone xr xs max xs lg g4 lg g5 lg g6 v30 huawei p8 lite 2017 p9 lite nova plus huawei p10 huawei p9 huawei p10 lite p20 lite p20 pro mate 10 lite samsumg s9 s9 plus s7 s7 edge s8 s8 plus s9 s9 plus s10 s10 plus s10e a10 a50 a40 a80 j3 2019 j5 a3 2019 a5 2019 a8 2018 j7 2019 note 8 note 9 airpods sony zi z2 z5 xz premium xperia galaxy xiaomi redmi note 5a 4 mi 6 mi max 2 mi a1 nokia lumia huawei t3 android, ios, blackberry, windows phone, macbook macbook .",- iPhone (MADRID),Replicandroid,480 €,Profesional,36357,3,0,3,35
https://www.milanuncios.com/otros-moviles/samsung-galaxy-s20-plus-ultra-359344269.htm,* * SAMSUNG GALAXY S20 PLUS/ ULTRA* *,"PRECIO REAL samsung galaxy s20 plus/ ultra replicas exacta nuevos precintados pantalla 6, 7 y 6. 9 pulgadas, cámara de 16 mpx y 8 mpx, 3d touch, batería 3500 mah, con dos tarjetas sim, 8gb ram, 512 gb rom, sistema operativo android con interfaz ios navegación play stores resolución full hd. 1080 procesador 8 -nucleos 64 bit, 2, 4 ghz, . huella, facial, dual flash 4g, libre para todas las compañías envíos gratis toda españa regalos funda y protector de pantalla. samsung galaxy s20 plus, samsung galaxy s20 ultra, samsung galaxy note 10 plus, samsung galaxy s10 plus, iphone 11 pro max, iphone 11 pro, iphone 11.",- Otras marcas en Cádiz (CADIZ),Rosa,110 €,Profesional,14968,1,0,1,29
https://www.milanuncios.com/otros-moviles/galaxy-s20-plus-precio-real-359585778.htm,* * * GALAXY S20 PLUS* * * PRECIO REAL,"Las mejores replicas. alta gama. últimos modelos. mejor precio. telefono movil libre samsung galaxy s20 plus pantalla de 6. 7 pulgadas, cámara de 16 mpx. 8 gb de ram y 512 gb de rom. procesador de 8 núcleos, 3. 2mhz. sistema android 10. 0 . libre cualquier operador. nuevo a estrenar en caja precintada / envío en 24 horas contrareembolso, con la posibilidad de abrir el paquete y comprobar. iphone 11- 6. 1 plugadas - 256GB, iphone 11 pro - 5. 8 pulgadas 512GB, iphone 11 pro max - 6. 5 pulgadas 512GB, samsung galaxy s20 plus - 6. 7 pulgadas 512GB, samsung galaxy s20 ultra- 6. 9 pulgadas 512Gb galaxy note 10 plus - 6. 8 pulgadas 512gb.",- Otras marcas en Castellón De La Plana (CASTELLON),Rosa,100 €,Profesional,3870,0,0,0,8
https://www.milanuncios.com/otros-moviles/iphone-11-pro-pro-max-s20-note-10-359608541.htm,IPHONE 11 PRO-PRO MAX* S20+* NOTE 10+´,"Lo ultimo en telefonia movil de replicas! Réplicas de calidad y alta gama nuevos y precintados, tenemos el mejor precio del mercado, enviamos a toda españa con pago contrareembolso, con la opcion de abrir el paquete delante del mensajero y probar el telefono antes de pagar (somos lo unicos que dejamos probar el producto antes de pagarlo), * * * * * telefonos moviles libres para todas las compañias y cualquier pais, tenemos 2 años de garantía y disponemos de servicio técnico propio, reparacion gratuita (se hace la recogida gratis sin tenerque pagar los gastos de envio) o hacemos la sustitución del terminal por uno nuevo sin tener que abonar nada, todos los teléfonos son nuevos y estan precintados, camaras foto y video de 16 y 12 mpx, sistema operativo android 10 con interfaz de sistema ios 13, modelos 2020: iphone 11 pro / iphone 11 pro max / samsung galaxy s20+ plus 5G/ samsung galaxy note 10+ plus. Los telefonos son nuevos a estrenar y libre para cualquier operador de telefonia movil, se entregan en su caja precintado con todos los accesorios: auriculares, cargador, cable usb y tambien por cada producto entregamos de regalo funda silicona transparente y protector de pantalla de cristal templado, totalmente revisado y certificado, envio urgente en 24 horas en toda la peninsula, 2 años de garantia, tenemos servicio tecnico en España, moviles tipo iphone y samsung envio seguro en 24 horas con opcion de abrir el paquete antes de pagarlo y probar el movil antes de pagarlo, no hay mejor oferta, tenemos todos los modelos y los colores !!! tenemos telefonos moviles tipo: iphone 11 pro max = 6. 5 pulgadas 256 gb, iphone 11 pro = 5. 8 pulgadas 256 gb, samsung galaxy s20+ plus 5G = 6. 7 pulgadas 512 gb + microSD 1TB, samsung galaxy note 10+ plus = 6. 8 pulgadas 256 gb. - Informate ya sin compromiso. Realizamos entregas en menos de 24h desde su pedido. , , . . * -",- Otras marcas en Madrid (MADRID),carlos,80 €,Profesional,25965,1,0,4,55
https://www.milanuncios.com/otros-moviles/samsung-galaxy-s20-note-10-11-pro-max-359609894.htm,SAMSUNG GALAXY S20+/NOTE 10+/11 PRO MAX-,"Modelos metal y cristal. Réplicas de calidad y alta gama nuevos y precintados, tenemos el mejor precio del mercado, enviamos a toda españa con pago contrareembolso, con la opcion de abrir el paquete delante del mensajero y probar el telefono antes de pagar (somos lo unicos que dejamos probar el producto antes de pagarlo), * * * * * telefonos moviles libres para todas las compañias y cualquier pais, tenemos 2 años de garantía y disponemos de servicio técnico propio, reparacion gratuita (se hace la recogida gratis sin tenerque pagar los gastos de envio) o hacemos la sustitución del terminal por uno nuevo sin tener que abonar nada, todos los teléfonos son nuevos y estan precintados, camaras foto y video de 16 y 12 mpx, sistema operativo android 10 con interfaz de sistema ios 13, modelos 2020: iphone 11 pro / iphone 11 pro max / samsung galaxy s20+ plus 5G/ samsung galaxy note 10+ plus. Los telefonos son nuevos a estrenar y libre para cualquier operador de telefonia movil, se entregan en su caja precintado con todos los accesorios: auriculares, cargador, cable usb y tambien por cada producto entregamos de regalo funda silicona transparente y protector de pantalla de cristal templado, totalmente revisado y certificado, envio urgente en 24 horas en toda la peninsula, 2 años de garantia, tenemos servicio tecnico en España, moviles tipo iphone y samsung envio seguro en 24 horas con opcion de abrir el paquete antes de pagarlo y probar el movil antes de pagarlo, no hay mejor oferta, tenemos todos los modelos y los colores !!! tenemos telefonos moviles tipo: iphone 11 pro max = 6. 5 pulgadas 256 gb, iphone 11 pro = 5. 8 pulgadas 256 gb, samsung galaxy s20+ plus 5G = 6. 7 pulgadas 512 gb + microSD 1TB, samsung galaxy note 10+ plus = 6. 8 pulgadas 256 gb. - Informate ya sin compromiso. productos desde la fábrica, Directo a nuestros almacenes en España. , , . -. *",- Otras marcas en Murcia (MURCIA),carlos,80 €,Profesional,13591,3,1,2,26
https://www.milanuncios.com/otros-moviles/precio-real-iphone-11-pro-clon-359343770.htm,PRECIO REAL IPHONE 11 PRO CLON,"iphone 11 pro, moviles nuevos y libres. * enviamos fotos y videos por whatsapp. * funda y protector de regalo. lector de huellas, detector facial, son las replicas más altas de gama mismas medidas y peso, cuerpo de metal, le valen las fundas y protectores del original, traen todos los accesorios incluidos , cargador, auriculares, manual, protector, funda, pincho, todo completo y precintado. le entregan justificante de pago a su llegada, tenemos varios modelos, enviamos 24 horas a toda españa, contrareembolso, pagas cuando lo recibes en casa, al cartero a su llegada. puede verlo a su llegada. enviamos fotos y vídeos por whatsapp !!! Tenemos telefonos moviles tipo: iphone 11- 6. 1 plugadas - 256GB, iphone 11 pro - 5. 8 pulgadas 512GB, iphone 11 pro max - 6. 5 pulgadas 512GB, samsung galaxy s20 plus - 6. 7 pulgadas 512GB, samsung galaxy s20 ultra- 6. 9 pulgadas 512Gb, galaxy note 10 plus - 6. 8 pulgadas 512gb.",- Otras marcas en Zaragoza (ZARAGOZA),Rosa,90 €,Profesional,11908,2,0,0,20
https://www.milanuncios.com/otros-moviles/galaxy-note-10-s20-iphone-11-pro-max-359609738.htm,"GALAXY NOTE 10+, S20+, IPHONE 11 PRO-MAX´","Nuestras réplicas son modelos premium exactos y los procesadores más potentes del mercado. Réplicas de calidad y alta gama nuevos y precintados, tenemos el mejor precio del mercado, enviamos a toda españa con pago contrareembolso, con la opcion de abrir el paquete delante del mensajero y probar el telefono antes de pagar (somos lo unicos que dejamos probar el producto antes de pagarlo), * * * * * telefonos moviles libres para todas las compañias y cualquier pais, tenemos 2 años de garantía y disponemos de servicio técnico propio, reparacion gratuita (se hace la recogida gratis sin tenerque pagar los gastos de envio) o hacemos la sustitución del terminal por uno nuevo sin tener que abonar nada, todos los teléfonos son nuevos y estan precintados, camaras foto y video de 16 y 12 mpx, sistema operativo android 10 con interfaz de sistema ios 13, modelos 2020: iphone 11 pro / iphone 11 pro max / samsung galaxy s20+ plus 5G/ samsung galaxy note 10+ plus. Los telefonos son nuevos a estrenar y libre para cualquier operador de telefonia movil, se entregan en su caja precintado con todos los accesorios: auriculares, cargador, cable usb y tambien por cada producto entregamos de regalo funda silicona transparente y protector de pantalla de cristal templado, totalmente revisado y certificado, envio urgente en 24 horas en toda la peninsula, 2 años de garantia, tenemos servicio tecnico en España, moviles tipo iphone y samsung envio seguro en 24 horas con opcion de abrir el paquete antes de pagarlo y probar el movil antes de pagarlo, no hay mejor oferta, tenemos todos los modelos y los colores !!! tenemos telefonos moviles tipo: iphone 11 pro max = 6. 5 pulgadas 256 gb, iphone 11 pro = 5. 8 pulgadas 256 gb, samsung galaxy s20+ plus 5G = 6. 7 pulgadas 512 gb + microSD 1TB, samsung galaxy note 10+ plus = 6. 8 pulgadas 256 gb. - Informate ya sin compromiso. La mejor calidad para nuestros clientes directamente de fabrica. , , . -. *",- Otras marcas en Málaga (MALAGA),carlos,80 €,Profesional,13516,0,0,1,27
https://www.milanuncios.com/otros-accesorios-para-moviles/iphone-samsung-moviles-al-mejor-precio-346813728.htm,"IPHONE , SAMSUNG, MOVILES AL MEJOR PRECIO","Tenemos los mejores precios del mercado, compruébelo, se puede meter en nuestra web www. moviltelan. es y ver todos los modelos que tenemos, los puede comprar en nuestra tienda física situada en la calle Fernández de los ríos 72 metro Moncloa Madrid, previa cita o también comprarlo a través de nuestra web, también enviamos contrarrembolso, compramos y vendemos. moviles de ultima generacion iphone, samsung, apple, xiaomi, huawei, ipad, smartwatch, watch, moviles gama alta, 5g, 4g 8 plus, xs, xr, 11, 11 pro, 11 pro max, ipad pro, macbook, s8, s9 plus, s10, note 10 plus, s20, s20 plus y ultra, 5g, xiaomi, oppo, fold, z flip, última generación",- Otros en Madrid (MADRID),moviltelan,1 €,Profesional,399627,4,3,20,1018
https://www.milanuncios.com/iphone/iphone-xr-64gb-garantia-1ano-todos-341417812.htm,"IPHONE XR - 64GB - GARANTIA 1AÑO, TODOS","* * * * * * * * * * * * www. muynuevo. com* * * * * * * * * * * lo que esperabas, tu telefonía nueva y seminueva al mejor precio, ahora ya puedes olvidarte de pagar en exceso por tu smartphone. te invitamos de manera gratuita a que conozcas nuestra web: www. muynuevo. com o llamarnos a nuestro telefono de atencion al cliente (672. 617. 004) en horario de 09: 30 a 20: 00h. vendemos todos los modelos de smartphone del mercado 100% original y libre al mejor precio. revisados y verificados por nuestro servicio técnico. 12 meses de garantia total con nosotros y otros 12 meses con el fabricante si la tiene. envíos gratis en 24 horas o recogidas en nuestro almacén muynuevo en avenida ortega y gasset 531 de málaga. para tu bienvenida te damos 5€ de descuento con este codigo. codigo: descuento-portales ¡¡no te vayas con las manos vacias¡¡ ¡¡¡financia hasta en 24 meses¡¡¡ ¡¡¡si tienes tu teléfono móvil antiguo y no sabes qué hacer con él, nosotros podemos comprártelo¡¡¡  tambien en nuestra web puedes encotrar: iphone 6 de 16 64 y 128 , 6s de 16 32 y 64 , 6s plus de 16 32gb 64gb y 128gb , 6 plus de 16 64 y 128 , 5s , iphone 7 32gb, 128gb y 256gb iphone 7 plus 32, 128gb, 256gb iphone 8 64gb y 256gb iphone 8 plus 64gb y 256gb iphone x de 64gb y 256gb iphone 11 iphone 11 pro max iphone xs 64gb y 256gb iphone xs max 64gb y 256gb iphone xr xs max xs lg g4 lg g5 lg g6 v30 huawei p8 lite 2017 p9 lite nova plus huawei p10 huawei p9 huawei p10 lite p20 lite p20 pro mate 10 lite samsumg s9 s9 plus s7 s7 edge s8 s8 plus s9 s9 plus s10 s10 plus s10e a10 a50 a40 a80 j3 2019 j5 a3 2019 a5 2019 a8 2018 j7 2019 note 8 note 9 airpods sony zi z2 z5 xz premium xperia galaxy xiaomi redmi note 5a 4 mi 6 mi max 2 mi a1 nokia lumia huawei t3 android, ios, blackberry, windows phone, macbook macbook .",- iPhone (MADRID),Replicandroid,480 €,Profesional,50936,4,0,1,46
https://www.milanuncios.com/iphone/iphone-xr-64gb-5-gratis-informate-341417813.htm,IPHONE XR - 64GB - 5€ GRATIS. INFORMATE,"* * * * * * * * * * * * www. muynuevo. com* * * * * * * * * * * lo que esperabas, tu telefonía nueva y seminueva al mejor precio, ahora ya puedes olvidarte de pagar en exceso por tu smartphone. te invitamos de manera gratuita a que conozcas nuestra web: www. muynuevo. com o llamarnos a nuestro telefono de atencion al cliente (672. 617. 004) en horario de 09: 30 a 20: 00h. vendemos todos los modelos de smartphone del mercado 100% original y libre al mejor precio. revisados y verificados por nuestro servicio técnico. 12 meses de garantia total con nosotros y otros 12 meses con el fabricante si la tiene. envíos gratis en 24 horas o recogidas en nuestro almacén muynuevo en avenida ortega y gasset 531 de málaga. para tu bienvenida te damos 5€ de descuento con este codigo. codigo: descuento-portales ¡¡no te vayas con las manos vacias¡¡ ¡¡¡financia hasta en 24 meses¡¡¡ ¡¡¡si tienes tu teléfono móvil antiguo y no sabes qué hacer con él, nosotros podemos comprártelo¡¡¡  tambien en nuestra web puedes encotrar: iphone 6 de 16 64 y 128 , 6s de 16 32 y 64 , 6s plus de 16 32gb 64gb y 128gb , 6 plus de 16 64 y 128 , 5s , iphone 7 32gb, 128gb y 256gb iphone 7 plus 32, 128gb, 256gb iphone 8 64gb y 256gb iphone 8 plus 64gb y 256gb iphone x de 64gb y 256gb iphone 11 iphone 11 pro max iphone xs 64gb y 256gb iphone xs max 64gb y 256gb iphone xr xs max xs lg g4 lg g5 lg g6 v30 huawei p8 lite 2017 p9 lite nova plus huawei p10 huawei p9 huawei p10 lite p20 lite p20 pro mate 10 lite samsumg s9 s9 plus s7 s7 edge s8 s8 plus s9 s9 plus s10 s10 plus s10e a10 a50 a40 a80 j3 2019 j5 a3 2019 a5 2019 a8 2018 j7 2019 note 8 note 9 airpods sony zi z2 z5 xz premium xperia galaxy xiaomi redmi note 5a 4 mi 6 mi max 2 mi a1 nokia lumia huawei t3 android, ios, blackberry, windows phone, macbook macbook .",- iPhone (MADRID),Replicandroid,480 €,Profesional,45191,3,1,4,43
https://www.milanuncios.com/iphone/iphone-xr-64gb-100-original-varios-341417859.htm,"IPHONE XR - 64GB - 100% ORIGINAL, VARIOS","* * * * * * * * * * * * www. muynuevo. com* * * * * * * * * * * lo que esperabas, tu telefonía nueva y seminueva al mejor precio, ahora ya puedes olvidarte de pagar en exceso por tu smartphone. te invitamos de manera gratuita a que conozcas nuestra web: www. muynuevo. com o llamarnos a nuestro telefono de atencion al cliente (672. 617. 004) en horario de 09: 30 a 20: 00h. vendemos todos los modelos de smartphone del mercado 100% original y libre al mejor precio. revisados y verificados por nuestro servicio técnico. 12 meses de garantia total con nosotros y otros 12 meses con el fabricante si la tiene. envíos gratis en 24 horas o recogidas en nuestro almacén muynuevo en avenida ortega y gasset 531 de málaga. para tu bienvenida te damos 5€ de descuento con este codigo. codigo: descuento-portales ¡¡no te vayas con las manos vacias¡¡ ¡¡¡financia hasta en 24 meses¡¡¡ ¡¡¡si tienes tu teléfono móvil antiguo y no sabes qué hacer con él, nosotros podemos comprártelo¡¡¡  tambien en nuestra web puedes encotrar: iphone 6 de 16 64 y 128 , 6s de 16 32 y 64 , 6s plus de 16 32gb 64gb y 128gb , 6 plus de 16 64 y 128 , 5s , iphone 7 32gb, 128gb y 256gb iphone 7 plus 32, 128gb, 256gb iphone 8 64gb y 256gb iphone 8 plus 64gb y 256gb iphone x de 64gb y 256gb iphone 11 iphone 11 pro max iphone xs 64gb y 256gb iphone xs max 64gb y 256gb iphone xr xs max xs lg g4 lg g5 lg g6 v30 huawei p8 lite 2017 p9 lite nova plus huawei p10 huawei p9 huawei p10 lite p20 lite p20 pro mate 10 lite samsumg s9 s9 plus s7 s7 edge s8 s8 plus s9 s9 plus s10 s10 plus s10e a10 a50 a40 a80 j3 2019 j5 a3 2019 a5 2019 a8 2018 j7 2019 note 8 note 9 airpods sony zi z2 z5 xz premium xperia galaxy xiaomi redmi note 5a 4 mi 6 mi max 2 mi a1 nokia lumia huawei t3 android, ios, blackberry, windows phone, macbook macbook .",- iPhone (MADRID),Replicandroid,480 €,Profesional,39521,1,0,1,38
https://www.milanuncios.com/iphone/iphone-x-64gb-5-gratis-informate-e-341420502.htm,IPHONE X - 64GB - 5€ GRATIS. INFORMATE E,"????????muynuevo. com???????? movil muynuevo certificado, sin ninguna marca de uso, libre para cualquier operadora, testeado y probado por nuestro equipo de profesionales garantizando 100 % de su funcionalidad (batería, botones, conectividad, micrófono y altavoces, cámaras, sensores, etc) caja y accesorios originales compatibles. caracteristicas: marca apple modelo iphone x 64gb pantalla 5. 8"" con tegnologia amoled procesador cpu 6-core 2. 39 ghz (2x monsoon + 4x mistral) dimensiones del producto 14. 3 x 7, 9 x 0, 7 cm capacidad de la memoria ram 3 gb capacidad de la memoria rom 64gb características camera 12mp trasera, 7mp delantera bateria 2716 mah li-ion (no extraible) sistema operativo ios conectividad 4g sensor de huella tarjeta nano-sim carga inalambrica face id tienda especializada en telefonia original iphone x de 64gb de capacidad. ¡novedad!!!! libre / original / cualquier compañía. iphone x en su caja con todos sus accesorios. * garantia de 12 meses con reparación gratuita o sustitución del terminal por uno nuevo. envio gratuito en 24h!!!  - sin intermediarios -. almacenes en españa todos los teléfonos son muynuevos, se entregan en paquete con auriculares, cargador, cable de conexión, todo ello revisado y certificado por nuestro personal cualificado. si quiere recibir su pedido para mañana hagalo antes de las 19: 00h y lo tendra al siguiente dia en casa. ¡gran variedad de modelos, llámenos o contáctenos por whatsapp y le informaremos!! ¡pague solo cuando lo reciba en su domicilio! sistema de financiación. * * * * * * * * pregunta por nuestra gama de modelos o el modelo y marca que esta buscando * * * * * * * * * * *",- iPhone (MADRID),Replicandroid,450 €,Profesional,31428,1,1,3,44
https://www.milanuncios.com/otros-moviles/galaxy-s20-ultra-6-9-pulgadas-359585341.htm,!!GALAXY S20 ULTRA 6. 9 PULGADAS!!!,"precio real, Garantizamos el mejor precio, Telefono movil réplica Galaxy s20 ultra con 6, 9 pulgadas de pantalla, es el unico modelo con la pantalla completa y esteticamente identico, 12gb de ram y 512gb de memoria interna, camaras foto y video de 16 y 8mpx, se entregan en paquete precintado con auriculares, cargador, cable de conexión usb, entregamos de regalo funda silicona y protector de pantalla de cristal templado. Tenemos telefonos moviles tipo: iphone 11- 6. 1 plugadas - 256GB, iphone 11 pro - 5. 8 pulgadas 512GB, iphone 11 pro max - 6. 5 pulgadas 512GB, samsung galaxy s20 plus - 6. 7 pulgadas 512GB, samsung galaxy s20 ultra- 6. 9 pulgadas 512Gb, galaxy note 10 plus - 6. 8 pulgadas 512gb. nuevos a estrenar en caja precintada, todos los colores disponibles. envío en 24 horas contrareembolso",- Otras marcas en Sevilla (SEVILLA),Rosa,110 €,Profesional,4678,0,0,0,9
https://www.milanuncios.com/otros-moviles/note-10-iphone-11-pro-max-s20-plus-359609320.htm,NOTE 10+/IPHONE 11 PRO MAX-S20+ PLUS´,"Si esta usted esta interesado llamenos, cogemos las llamadas o por nuestro whatsapp y le enseñaremos, características Y fotos. Réplicas de calidad y alta gama nuevos y precintados, tenemos el mejor precio del mercado, enviamos a toda españa con pago contrareembolso, con la opcion de abrir el paquete delante del mensajero y probar el telefono antes de pagar (somos lo unicos que dejamos probar el producto antes de pagarlo), * * * * * telefonos moviles libres para todas las compañias y cualquier pais, tenemos 2 años de garantía y disponemos de servicio técnico propio, reparacion gratuita (se hace la recogida gratis sin tenerque pagar los gastos de envio) o hacemos la sustitución del terminal por uno nuevo sin tener que abonar nada, todos los teléfonos son nuevos y estan precintados, camaras foto y video de 16 y 12 mpx, sistema operativo android 10 con interfaz de sistema ios 13, modelos 2020: iphone 11 pro / iphone 11 pro max / samsung galaxy s20+ plus 5G/ samsung galaxy note 10+ plus. Los telefonos son nuevos a estrenar y libre para cualquier operador de telefonia movil, se entregan en su caja precintado con todos los accesorios: auriculares, cargador, cable usb y tambien por cada producto entregamos de regalo funda silicona transparente y protector de pantalla de cristal templado, totalmente revisado y certificado, envio urgente en 24 horas en toda la peninsula, 2 años de garantia, tenemos servicio tecnico en España, moviles tipo iphone y samsung envio seguro en 24 horas con opcion de abrir el paquete antes de pagarlo y probar el movil antes de pagarlo, no hay mejor oferta, tenemos todos los modelos y los colores !!! tenemos telefonos moviles tipo: iphone 11 pro max = 6. 5 pulgadas 256 gb, iphone 11 pro = 5. 8 pulgadas 256 gb, samsung galaxy s20+ plus 5G = 6. 7 pulgadas 512 gb + microSD 1TB, samsung galaxy note 10+ plus = 6. 8 pulgadas 256 gb. - Informate ya sin compromiso. Pague solo cuando lo reciba en su domicilio. , , . -. *",- Otras marcas en Barcelona (BARCELONA),carlos,80 €,Profesional,22807,0,0,4,48
https://www.milanuncios.com/otros-moviles/iphone-11-pro-max-11-pro-s20-note-10-359611121.htm,IPHONE 11 PRO MAX-11 PRO* S20+/NOTE 10+´,"Garantizamos todos los productos con 2 años de garantía. Réplicas de calidad y alta gama nuevos y precintados, tenemos el mejor precio del mercado, enviamos a toda españa con pago contrareembolso, con la opcion de abrir el paquete delante del mensajero y probar el telefono antes de pagar (somos lo unicos que dejamos probar el producto antes de pagarlo), * * * * * telefonos moviles libres para todas las compañias y cualquier pais, tenemos 2 años de garantía y disponemos de servicio técnico propio, reparacion gratuita (se hace la recogida gratis sin tenerque pagar los gastos de envio) o hacemos la sustitución del terminal por uno nuevo sin tener que abonar nada, todos los teléfonos son nuevos y estan precintados, camaras foto y video de 16 y 12 mpx, sistema operativo android 10 con interfaz de sistema ios 13, modelos 2020: iphone 11 pro / iphone 11 pro max / samsung galaxy s20+ plus 5G/ samsung galaxy note 10+ plus. Los telefonos son nuevos a estrenar y libre para cualquier operador de telefonia movil, se entregan en su caja precintado con todos los accesorios: auriculares, cargador, cable usb y tambien por cada producto entregamos de regalo funda silicona transparente y protector de pantalla de cristal templado, totalmente revisado y certificado, envio urgente en 24 horas en toda la peninsula, 2 años de garantia, tenemos servicio tecnico en España, moviles tipo iphone y samsung envio seguro en 24 horas con opcion de abrir el paquete antes de pagarlo y probar el movil antes de pagarlo, no hay mejor oferta, tenemos todos los modelos y los colores !!! tenemos telefonos moviles tipo: iphone 11 pro max = 6. 5 pulgadas 256 gb, iphone 11 pro = 5. 8 pulgadas 256 gb, samsung galaxy s20+ plus 5G = 6. 7 pulgadas 512 gb + microSD 1TB, samsung galaxy note 10+ plus = 6. 8 pulgadas 256 gb. - Informate ya sin compromiso. Ultimos telefonos moviles modelos 2020 a estrenar en su caja precintada original con todos los accesorios. , . , , -, . . *",- Otras marcas en Cádiz (CADIZ),carlos,80 €,Profesional,8343,0,0,0,13
https://www.milanuncios.com/iphone/iphone-8-64gb-envio-gratis-100-orig-341494358.htm,"IPHONE 8 - 64GB - ENVIO GRATIS, 100%ORIG","????????muynuevo. com???????? movil muynuevo certificado, sin ninguna marca de uso, libre para cualquier operadora, testeado y probado por nuestro equipo de profesionales garantizando 100 % de su funcionalidad (batería, botones, conectividad, micrófono y altavoces, cámaras, sensores, etc) caja y accesorios originales compatibles. caracteristicas: marca apple modelo iphone 8 64gb pantalla 4. 7"" procesador cpu 6-core (2x monsoon + 4x mistral) dimensiones del producto 13, 8 x 6, 7 x 0, 7 cm capacidad de la memoria ram 2 gb capacidad de la memoria rom 64 gb características camera 12mp trasera, 7mp delantera bateria 1821 mah li-ion (no extraible) sistema operativo ios conectividad 4g sensor de huella tarjeta nano-sim carga inalambrica tienda especializada en telefonia original iphone 8 de 64gb de capacidad. ¡novedad!!!! libre / original / cualquier compañía. iphone 8 en su caja con todos sus accesorios. * garantia de 12 meses con reparación gratuita o sustitución del terminal por uno nuevo. envio gratuito en 24h!!!  - sin intermediarios -. almacenes en españa todos los teléfonos son muynuevos, se entregan en paquete con auriculares, cargador, cable de conexión, todo ello revisado y certificado por nuestro personal cualificado. si quiere recibir su pedido para mañana hagalo antes de las 19: 00h y lo tendra al siguiente dia en casa. ¡gran variedad de modelos, llámenos o contáctenos por whatsapp y le informaremos!! ¡pague solo cuando lo reciba en su domicilio! sistema de financiación. * * * * * * * * pregunta por nuestra gama de modelos o el modelo y marca que esta buscando * * * * * * * * * * *",- iPhone (MADRID),Replicandroid,280 €,Profesional,26951,0,0,1,39
https://www.milanuncios.com/iphone/compramos-moviles-nuevos-y-seminuevos-343724546.htm,COMPRAMOS MOVILES NUEVOS Y SEMINUEVOS,"Compramos moviles nuevos y seminuevos maxima tasacion y seriedad llamenos al 691 777 777 también whatssap moviles de ultima generacion iphone, samsung, apple, xiaomi, huawei, ipad, smartwatch, watch, moviles gama alta, 5g, 4g 8 plus, xs, xr,   11, 11 pro, 11 pro max, ipad pro, macbook,   s8, s9 plus, s10, note 10 plus, s20, s20 plus y ultra, 5g, xiaomi, oppo,   fold, z flip,   última generación, note 20 ulta   calle fernandez de los ríos 72 metro moncloa linea 3 MADRID Telefono 691 777 777",- iPhone en Madrid (MADRID),moviltelan,1.000 €,Profesional,865184,51,6,32,1457
https://www.milanuncios.com/smartwatch/telefono-huawei-360142710.htm,TELÉFONO HUAWEI,Vendo mate 9 en buenas condiciones,- Smartwatch en Bilbao (VIZCAYA),maile,100 €,Particular,14,0,0,0,0
https://www.milanuncios.com/otros-accesorios-para-moviles/4mg7-auriculares-invisibles-360142674.htm,4MG7 - AURICULARES INVISIBLES,Ref. 4mg7 : auricular con forma de pinganillo y cámaras botón y bolígrafo para exámenes. Alquiler y venta. Granada álava albacete alicante almería asturias ávila badajoz ibiza mallorca barcelona burgos cáceres cádiz cantabria las palmas santa cruz de tenerife gran canaria castellón de la plana ceuta ciudad real córdoba cuenca girona gerona granada guadalajara guipuzcoa huesca huelva jaén a coruña la rioja león lleida lerida lugo madrid málaga melilla murcia navarra ourense orense palencia santander pontevedra salamanca segovia sevilla soria tarragona teruel toledo valencia valladolid vizcaya zamora zaragoza reloj chuleta copiar en examen espía inalámbrico oculto bluetooth manos libres . . .,- Otros en Albacete (ALBACETE),Ref.4mg7 -,20 €,Profesional,14,0,0,0,0
https://www.milanuncios.com/otros-accesorios-para-moviles/apple-iphone-xs-256gb-360142641.htm,APPLE IPHONE XS 256GB,"Apple iPhone xs 256 GB oro en perfecto estado libre doy con todo, original, envío a toda España.",- Otros en Adeje (TENERIFE),Juan,350 €,Particular,31,0,0,0,0
https://www.milanuncios.com/otros-moviles/se-vende-note-8-360142605.htm,SE VENDE NOTE 8,"Se vende note 8 en perfecto estado, con caja cargador y doi una funda. 128gb , 4 de ram, el mobil está en perfecto estado, está en lugo ciudad, tambien zona friol parga o guitiriz. Ver sin compromiso, precio algo negociable. Tambien puedo aceptar cambio de iphone a partir del 6 o una tele smart tv",- Otras marcas en Lugo (LUGO),ana isabel,190 €,Particular,33,0,0,0,0
https://www.milanuncios.com/otros-moviles/oukitel-k7-power-2gb-ram-16gb-rom-360142577.htm,OUKITEL K7 POWER 2GB RAM+16GB ROM,"Oukitel k7 power 2gb ram+16gb rom, cámara 13mp+5mp, 9v/2a carga rápida+gps+fing. battery batería de 10000 mah y carga rápida de 9 v / 2 a: teléfonos móviles baratos oukitel k7 power está equipado con una batería grande de 11000 mah que adopta un modo de ahorro de energía inteligente único, que garantiza la autonomía en espera y tiempos de uso muy largos. el ic de carga rápida con el cargador 9v / 2a, junto con un cable usb especialmente diseñado, permite la carga completa en unas pocas horas. pantalla más grande y pantalla sin bordes de 6 pulgadas 18: 9: teléfonos celulares oukitel k7 power le ofrece la última tecnología de pantalla sin bordes que permite el uso de la mayor parte de la pantalla y minimiza el desperdicio de espacio. 1440 * 720 píxeles, relación 18: 9, pantalla táctil 5 toques que no solo le ofrecen un placer para la vista cuando mira videos y juegos, sino que también le permite sostenerlo cómodamente en una mano hardware hardware avanzado y último sistema: equipado con un potente procesador octa-core mt6750t de 1. 5 ghz, los teléfonos móviles que ofrece oukitel k7 power están equipados con una memoria interna de 2 gb de ram y 16 gb, le permite jugar y administrar más actividad sin un enganche basado en el último sistema operativo android 8. 1, no solo reduce el desperdicio de recursos del sistema causado por el software basura, sino que también mejora la velocidad y la fluidez operativas. cámaras traseras dobles con 13mp + 2mp cámara frontal de 5mp, cámaras traseras dobles de 13mp + 2mp, con dos cámaras traseras, tomas claras y claras. y los dos trabajan juntos para disparos increíbles. durante el zoom, la lente principal filma mientras que la otra reconoce colores, brillo y claridad. la lente brillante detecta claramente los detalles incluso en condiciones de poca luz. multifunción con huella digital: la huella digital no solo puede desbloquear el teléfono inteligente k7 power, hacer una llamada, tomar fotos, capturar la pantalla o usarla como botón de retorno. y ahora es aún más rápido (0. 2 segundos).",- Otras marcas en Guadalajara (GUADALAJARA),Laura,100 €,Particular,24,0,0,0,0
https://www.milanuncios.com/smartwatch/apple-watch-serie-5-360143071.htm,APPLE WATCH SERIE 5,completo con caja garantia factura 44mm negro gps comprado en junio 2020,- Smartwatch en Alcantarilla (MURCIA),JDD,250 €,Particular,12,0,0,0,0
https://www.milanuncios.com/manos-libres/ozr-auriculares-invisibles-360142918.htm,OZR | AURICULARES INVISIBLES,Ref. ozr : auricular con forma de pinganillo y cámaras botón y bolígrafo para exámenes. Alquiler y venta. Granada álava albacete alicante almería asturias ávila badajoz ibiza mallorca barcelona burgos cáceres cádiz cantabria las palmas santa cruz de tenerife gran canaria castellón de la plana ceuta ciudad real córdoba cuenca girona gerona granada guadalajara guipuzcoa huesca huelva jaén a coruña la rioja león lleida lerida lugo madrid málaga melilla murcia navarra ourense orense palencia santander pontevedra salamanca segovia sevilla soria tarragona teruel toledo valencia valladolid vizcaya zamora zaragoza reloj chuleta copiar en examen espía inalámbrico oculto bluetooth manos libres . . . . . . .,- Manos libres en Avila (AVILA),Ref.ozr |,20 €,Profesional,8,0,0,0,0
https://www.milanuncios.com/smartwatch/se-vende-reloj-ora-sphera-360142915.htm,SE VENDE RELOJ ORA SPHERA,Se vende reloj recibe llamadas mensajes perímetro control del movimiento con dos correas y garantia,- Smartwatch en Ourense / Orense (OURENSE),juan,60 €,Particular,19,0,0,0,0
https://www.milanuncios.com/telefonos-inalambricos/4xr-auriculares-invisibles-360142856.htm,4XR AURICULARES INVISIBLES,Ref. 4xr : auricular con forma de pinganillo y cámaras botón y bolígrafo para exámenes. Alquiler y venta. Granada álava albacete alicante almería asturias ávila badajoz ibiza mallorca barcelona burgos cáceres cádiz cantabria las palmas santa cruz de tenerife gran canaria castellón de la plana ceuta ciudad real córdoba cuenca girona gerona granada guadalajara guipuzcoa huesca huelva jaén a coruña la rioja león lleida lerida lugo madrid málaga melilla murcia navarra ourense orense palencia santander pontevedra salamanca segovia sevilla soria tarragona teruel toledo valencia valladolid vizcaya zamora zaragoza reloj chuleta copiar en examen espía inalámbrico oculto bluetooth manos libres . . . . . . . . . .,- Teléfonos inalámbricos en Asturias (ASTURIAS),Ref.4xr,20 €,Profesional,9,0,0,0,0
https://www.milanuncios.com/moviles-samsung/vendo-sanmotito-360142820.htm,VENDO SANMOTITO,Vendo motito eléctrica para niño de 3 año con su cargador,- Samsung en Zaragoza (ZARAGOZA),erik,35 €,Particular,22,0,0,0,0
https://www.milanuncios.com/smartwatch/telefono-huawei-360142710.htm,TELÉFONO HUAWEI,Vendo mate 9 en buenas condiciones,- Smartwatch en Bilbao (VIZCAYA),maile,100 €,Particular,16,0,0,0,0
https://www.milanuncios.com/otros-accesorios-para-moviles/4mg7-auriculares-invisibles-360142674.htm,4MG7 - AURICULARES INVISIBLES,Ref. 4mg7 : auricular con forma de pinganillo y cámaras botón y bolígrafo para exámenes. Alquiler y venta. Granada álava albacete alicante almería asturias ávila badajoz ibiza mallorca barcelona burgos cáceres cádiz cantabria las palmas santa cruz de tenerife gran canaria castellón de la plana ceuta ciudad real córdoba cuenca girona gerona granada guadalajara guipuzcoa huesca huelva jaén a coruña la rioja león lleida lerida lugo madrid málaga melilla murcia navarra ourense orense palencia santander pontevedra salamanca segovia sevilla soria tarragona teruel toledo valencia valladolid vizcaya zamora zaragoza reloj chuleta copiar en examen espía inalámbrico oculto bluetooth manos libres . . .,- Otros en Albacete (ALBACETE),Ref.4mg7 -,20 €,Profesional,15,0,0,0,0
https://www.milanuncios.com/otros-accesorios-para-moviles/apple-iphone-xs-256gb-360142641.htm,APPLE IPHONE XS 256GB,"Apple iPhone xs 256 GB oro en perfecto estado libre doy con todo, original, envío a toda España.",- Otros en Adeje (TENERIFE),Juan,350 €,Particular,36,0,0,0,0
https://www.milanuncios.com/otros-moviles/se-vende-note-8-360142605.htm,SE VENDE NOTE 8,"Se vende note 8 en perfecto estado, con caja cargador y doi una funda. 128gb , 4 de ram, el mobil está en perfecto estado, está en lugo ciudad, tambien zona friol parga o guitiriz. Ver sin compromiso, precio algo negociable. Tambien puedo aceptar cambio de iphone a partir del 6 o una tele smart tv",- Otras marcas en Lugo (LUGO),ana isabel,190 €,Particular,38,0,0,0,0
https://www.milanuncios.com/otros-moviles/oukitel-k7-power-2gb-ram-16gb-rom-360142577.htm,OUKITEL K7 POWER 2GB RAM+16GB ROM,"Oukitel k7 power 2gb ram+16gb rom, cámara 13mp+5mp, 9v/2a carga rápida+gps+fing. battery batería de 10000 mah y carga rápida de 9 v / 2 a: teléfonos móviles baratos oukitel k7 power está equipado con una batería grande de 11000 mah que adopta un modo de ahorro de energía inteligente único, que garantiza la autonomía en espera y tiempos de uso muy largos. el ic de carga rápida con el cargador 9v / 2a, junto con un cable usb especialmente diseñado, permite la carga completa en unas pocas horas. pantalla más grande y pantalla sin bordes de 6 pulgadas 18: 9: teléfonos celulares oukitel k7 power le ofrece la última tecnología de pantalla sin bordes que permite el uso de la mayor parte de la pantalla y minimiza el desperdicio de espacio. 1440 * 720 píxeles, relación 18: 9, pantalla táctil 5 toques que no solo le ofrecen un placer para la vista cuando mira videos y juegos, sino que también le permite sostenerlo cómodamente en una mano hardware hardware avanzado y último sistema: equipado con un potente procesador octa-core mt6750t de 1. 5 ghz, los teléfonos móviles que ofrece oukitel k7 power están equipados con una memoria interna de 2 gb de ram y 16 gb, le permite jugar y administrar más actividad sin un enganche basado en el último sistema operativo android 8. 1, no solo reduce el desperdicio de recursos del sistema causado por el software basura, sino que también mejora la velocidad y la fluidez operativas. cámaras traseras dobles con 13mp + 2mp cámara frontal de 5mp, cámaras traseras dobles de 13mp + 2mp, con dos cámaras traseras, tomas claras y claras. y los dos trabajan juntos para disparos increíbles. durante el zoom, la lente principal filma mientras que la otra reconoce colores, brillo y claridad. la lente brillante detecta claramente los detalles incluso en condiciones de poca luz. multifunción con huella digital: la huella digital no solo puede desbloquear el teléfono inteligente k7 power, hacer una llamada, tomar fotos, capturar la pantalla o usarla como botón de retorno. y ahora es aún más rápido (0. 2 segundos).",- Otras marcas en Guadalajara (GUADALAJARA),Laura,100 €,Particular,26,0,0,0,0
https://www.milanuncios.com/manos-libres/otf7-pinganillos-y-camaras-360142514.htm,OTF7 / PINGANILLOS Y CÁMARAS,Ref. otf7 : auricular con forma de pinganillo y cámaras botón y bolígrafo wifi para exámenes. Alquiler y venta. Granada álava albacete alicante almería asturias ávila badajoz ibiza mallorca barcelona burgos cáceres cádiz cantabria las palmas santa cruz de tenerife gran canaria castellón de la plana ceuta ciudad real córdoba cuenca girona gerona granada guadalajara guipuzcoa huesca huelva jaén a coruña la rioja león lleida lerida lugo madrid málaga melilla murcia navarra ourense orense palencia santander pontevedra salamanca segovia sevilla soria tarragona teruel toledo valencia valladolid vizcaya zamora zaragoza reloj chuleta copiar en examen aprobar sin estudiar tienda espía inalámbrico oculto goma calculadora bluetooth 5. 0 cancelación de ruido manos libres imán nano lenteja invisible vip pro supermini color carne lar21 sin cable para llamadas teléfonos móviles hablar correr televisión tv portero discoteca camareros vigilantes con micrófono susurros emisora oposiciones universidad apuntes cap título selectividad grado medio superior bachiller master idiomas eso chuleta electrónica moderna tapón oidos oreja oseos canal auditivo pulsadores 3g 4g dropbox horums monoream gsm walkie talkie moderno antiinhibidores de frecuencia recambios accesorios sin limite a larga distancia mejores productos espionaje artículos videovigilancia seguridad última generación gafas bone conduction xiaomi apple iphone airpods lightning bose huawei ps4 xbox plantronics huawei samsung sennheiser motorola sony beats mp3 gaming deportivos running radio tacticos jack enanos pequeños micropinganillo pinga conducción osea audífonos originales de calidad profesional 4k alta tecnología beeper intrauricular indetectable magnético exclusivo envío contrareembolso . . . . . . . . .,- Manos libres en Albanchez De Magina (JAEN),Ref.otf7 /,20 €,Profesional,16,0,0,0,0
https://www.milanuncios.com/smartwatch/cuiijfdtrr-360142485.htm,CUIIJFDTRR,//Tabac// para //entubar// sin palos ni polvo 100 x 100 natural de origen extremeño la mejor calidad todas las marcas full Lenin gold medium Chester Winston marlboro fortuna ducado Camel Lucky pueblo. Se atiende llamadas y Whatsapp las 24h. Envíos 24h y se paga a contrareembolso. Cosecha de este año. (liar)vnmxtik,- Smartwatch en Barcelona (BARCELONA),Maria,25 €,Profesional,16,0,0,0,0
https://www.milanuncios.com/moviles-samsung/samsung-360142311.htm,SAMSUNG,"Se vende Samsung j5 en buen estado. Funciona muy bien, nunca se me ha pillado. Tiene android optimizado por lo que va rápido como el primer día. Es la versión dorada. Tiene flash delantero para los selfies. Pantalla intacta. No envío",- Samsung en Gerindote (TOLEDO),Sergio Martin,50 €,Particular,37,0,0,0,0
https://www.milanuncios.com/manos-libres/xm3-auriculares-invisibles-360142264.htm,XM3 AURICULARES INVISIBLES,Ref. xm3 : auricular con forma de pinganillo y cámaras botón y bolígrafo para exámenes. Alquiler y venta. Granada álava albacete alicante almería asturias ávila badajoz ibiza mallorca barcelona burgos cáceres cádiz cantabria las palmas santa cruz de tenerife gran canaria castellón de la plana ceuta ciudad real córdoba cuenca girona gerona granada guadalajara guipuzcoa huesca huelva jaén a coruña la rioja león lleida lerida lugo madrid málaga melilla murcia navarra ourense orense palencia santander pontevedra salamanca segovia sevilla soria tarragona teruel toledo valencia valladolid vizcaya zamora zaragoza reloj chuleta copiar en examen espía inalámbrico oculto bluetooth manos libres . . . . . . .,- Manos libres en Toledo (TOLEDO),Ref.xm3,20 €,Profesional,14,0,0,0,0
                                                                                                                                                                                                                                                                                                                                                                                                                                                                                                                                                                                                                                                                                                                                                                                                                                                                                                                                                                                                                                                                                                                                                                                                                                                                                                                                                                                                                                                                                                                                                                                                                                                                                                                                                                                                                                                                                                                                                                                                                                                                                                                                                                                                                                                                                                                                                                                                                                                                                                                                                                                                                                                                                                                                                                                                                                                                                                                                                                                                                                                                                                                                                                                                                                                                                                                                                                                                                                                                                                                                                                                                                                                                                                                                                                                                                                                                                                                                                                                                                                                                                                                                                                                                                                                                                                                                                                                                                                                                                                                                                                                                                                                                                                                                                                                                                                                                                                                                                                                                                                                                                                                                                                                                                                                                                                                                                                                                                                                                                                                                                                                                                                                                                                                                                                                                                                                                                                                                                                                                                                                                                                                                                                                                                                                                                                                                                                                                                                                                                                                                                                                                                                                                                                                                                                                                                                                                                                                                                                                                                                                                                                                                                                                                                                                                                                                                                                                                                                                                                                                                                                                                                                                                                                                                                                                                                                                                                                                                                                                                                                                                                                                                                                                                                                                                                                                                                                                                                                                                                                                                                                                                                                                                                                                                                                                                                                                                                                                                                                                                                                                                                                                                                                                                                                                                                                                                                                                                                                                                                                                                                                                                                                                                                                                                                                                                                                                                                                                                                                                                                                                                                                                                                                                                                                                                                                                                                                                                                                                                                                                                                                                                                                                                                                                                                                                                                                                                                                                                                                                                                                                                                                                                                                                                                                                                                                                                                                                               https://www.milanuncios.com/otros-accesorios-para-moviles/klw-auriculares-invisibles-360140960.htm,KLW AURICULARES INVISIBLES,Ref. klw : auricular con forma de pinganillo y cámaras botón y bolígrafo para exámenes. Alquiler y venta. Granada álava albacete alicante almería asturias ávila badajoz ibiza mallorca barcelona burgos cáceres cádiz cantabria las palmas santa cruz de tenerife gran canaria castellón de la plana ceuta ciudad real córdoba cuenca girona gerona granada guadalajara guipuzcoa huesca huelva jaén a coruña la rioja león lleida lerida lugo madrid málaga melilla murcia navarra ourense orense palencia santander pontevedra salamanca segovia sevilla soria tarragona teruel toledo valencia valladolid vizcaya zamora zaragoza reloj chuleta copiar en examen espía inalámbrico oculto bluetooth manos libres . . . . . . . . . .,- Otros en Malaga (MALAGA),Ref.klw,20 €,Profesional,6,0,0,0,0
https://www.milanuncios.com/iphone/vendo-iphone-x-256-gb-360140894.htm,VENDO IPHONE X 256 GB,"Vendo iphone x de 256 gb en perfecto estado sin arañazos ni marcas doy caja con cargador, los cascos no (por higiene) y 2 fundas",- iPhone en Zaragoza (ZARAGOZA),oscar,500 €,Particular,67,0,0,0,0
